OPCS_CODE,TREATMENT_TYPE
J123,Brachytherapy
J487,Brachytherapy
M706,Brachytherapy
M712,Brachytherapy
P064,Brachytherapy
P205,Brachytherapy
Q151,Brachytherapy
X652,Brachytherapy
X656,Brachytherapy
X68X,Brachytherapy
X681,Brachytherapy
X682,Brachytherapy
X683,Brachytherapy
X688,Brachytherapy
X689,Brachytherapy
Y354,Brachytherapy
Y364,Brachytherapy
Y89X,Brachytherapy
Y891,Brachytherapy
Y892,Brachytherapy
Y898,Brachytherapy
Y899,Brachytherapy
O44X,Proton therapy
O441,Proton therapy
O448,Proton therapy
O449,Proton therapy
B022,Radioisotope therapy
T481,Radioisotope therapy
X653,Radioisotope therapy
X655,Radioisotope therapy
X657,Radioisotope therapy
Y351,Radioisotope therapy
Y352,Radioisotope therapy
Y353,Radioisotope therapy
Y358,Radioisotope therapy
Y359,Radioisotope therapy
Y363,Radioisotope therapy
A107,Teletherapy
A613,Teletherapy
C242,Teletherapy
C395,Teletherapy
C455,Teletherapy
C823,Teletherapy
C824,Teletherapy
X651,Teletherapy
X654,Teletherapy
X658,Teletherapy
X659,Teletherapy
X67X,Teletherapy
X671,Teletherapy
X672,Teletherapy
X673,Teletherapy
X674,Teletherapy
X675,Teletherapy
X676,Teletherapy
X677,Teletherapy
X678,Teletherapy
X679,Teletherapy
X69X,Teletherapy
X691,Teletherapy
X692,Teletherapy
X698,Teletherapy
X699,Teletherapy
Y902,Teletherapy
Y91X,Teletherapy
Y911,Teletherapy
Y912,Teletherapy
Y913,Teletherapy
Y914,Teletherapy
Y915,Teletherapy
Y916,Teletherapy
Y917,Teletherapy
Y918,Teletherapy
Y919,Teletherapy
Y92X,Teletherapy
Y921,Teletherapy
Y928,Teletherapy
Y929,Teletherapy
A106,Chemotherapy
T133,Chemotherapy
T482,Chemotherapy
X352,Chemotherapy
X353,Immunotherapy
X373,Chemotherapy
X374,Immunotherapy
X376,Hormone therapy
X384,Chemotherapy
X385,Immunotherapy
X701,Chemotherapy
X702,Chemotherapy
X703,Chemotherapy
X704,Chemotherapy
X705,Chemotherapy
X708,Chemotherapy
X709,Chemotherapy
X711,Chemotherapy
X712,Chemotherapy
X713,Chemotherapy
X714,Chemotherapy
X715,Chemotherapy
X718,Chemotherapy
X719,Chemotherapy
X721,Chemotherapy
X722,Chemotherapy
X723,Chemotherapy
X724,Chemotherapy
X728,Chemotherapy
X729,Chemotherapy
X731,Chemotherapy
X738,Chemotherapy
X739,Chemotherapy
X748,Chemotherapy
X749,Chemotherapy
X962,Immunotherapy
Y123,Chemotherapy
Y08X,Laser therapy
Y081,Laser therapy
Y082,Laser therapy
Y083,Laser therapy
Y084,Laser therapy
Y085,Laser therapy
Y086,Laser therapy
Y088,Laser therapy
Y089,Laser therapy
X521,Hyperbaric oxygen therapy
S12X,Light therapy
S121,Light therapy
S122,Light therapy
S123,Light therapy
S124,Light therapy
S128,Light therapy
S129,Light therapy
C882,Light therapy
E487,Light therapy
G147,Light therapy
G422,Light therapy
J414,Light therapy
J484,Light therapy
Q166,Light therapy
Y136,Light therapy
Y371,Light therapy
A612,Cryotherapy
A77X,Cryotherapy
A771,Cryotherapy
A772,Cryotherapy
A773,Cryotherapy
A774,Cryotherapy
A775,Cryotherapy
A778,Cryotherapy
A779,Cryotherapy
B021,Cryotherapy
C123,Cryotherapy
C393,Cryotherapy
C454,Cryotherapy
C663,Cryotherapy
C822,Cryotherapy
C851,Cryotherapy
G295,Cryotherapy
H264,Cryotherapy
H343,Cryotherapy
H381,Cryotherapy
H493,Cryotherapy
H521,Cryotherapy
M671,Cryotherapy
P204,Cryotherapy
Q024,Cryotherapy
Q173,Cryotherapy
S102,Cryotherapy
S112,Cryotherapy
Y112,Cryotherapy
Y132,Cryotherapy
M497,High intensity focused ultrasound
M711,High intensity focused ultrasound
A472,Radiofrequency ablation
A573,Radiofrequency ablation
A604,Radiofrequency ablation
A78X,Radiofrequency ablation
A781,Radiofrequency ablation
A782,Radiofrequency ablation
A783,Radiofrequency ablation
A784,Radiofrequency ablation
A785,Radiofrequency ablation
A788,Radiofrequency ablation
A789,Radiofrequency ablation
E595,Radiofrequency ablation
J124,Radiofrequency ablation
K641,Radiofrequency ablation
L436,Radiofrequency ablation
L882,Radiofrequency ablation
M137,Radiofrequency ablation
M676,Radiofrequency ablation
M707,Radiofrequency ablation
Q165,Radiofrequency ablation
Q167,Radiofrequency ablation
V481,Radiofrequency ablation
V483,Radiofrequency ablation
V485,Radiofrequency ablation
V487,Radiofrequency ablation
V62X,Radiofrequency ablation
V621,Radiofrequency ablation
V622,Radiofrequency ablation
V623,Radiofrequency ablation
V628,Radiofrequency ablation
V629,Radiofrequency ablation
V63X,Radiofrequency ablation
V631,Radiofrequency ablation
V632,Radiofrequency ablation
V633,Radiofrequency ablation
V638,Radiofrequency ablation
V639,Radiofrequency ablation
W356,Radiofrequency ablation
Y067,Radiofrequency ablation
Y114,Radiofrequency ablation
Y134,Radiofrequency ablation
A03X,Radiofrequency ablation
A031,Radiofrequency ablation
A032,Radiofrequency ablation
A033,Radiofrequency ablation
A034,Radiofrequency ablation
A038,Radiofrequency ablation
A039,Radiofrequency ablation
A31X,Radiofrequency ablation
A311,Radiofrequency ablation
A312,Radiofrequency ablation
A313,Radiofrequency ablation
A314,Radiofrequency ablation
A315,Radiofrequency ablation
A316,Radiofrequency ablation
A317,Radiofrequency ablation
A318,Radiofrequency ablation
A319,Radiofrequency ablation
A451,Radiofrequency ablation
W927,Radioisotope therapy
A01X,Surgery
A011,Surgery
A012,Surgery
A013,Surgery
A018,Surgery
A019,Surgery
A021,Surgery
A022,Surgery
A023,Surgery
A024,Surgery
A025,Surgery
A026,Surgery
A028,Surgery
A029,Surgery
A068,Surgery
A069,Surgery
A171,Surgery
A29X,Surgery
A291,Surgery
A292,Surgery
A293,Surgery
A294,Surgery
A295,Surgery
A296,Surgery
A297,Surgery
A298,Surgery
A299,Surgery
A38X,Surgery
A381,Surgery
A382,Surgery
A383,Surgery
A384,Surgery
A385,Surgery
A386,Surgery
A388,Surgery
A389,Surgery
A43X,Surgery
A431,Surgery
A432,Surgery
A438,Surgery
A439,Surgery
A44X,Surgery
A441,Surgery
A442,Surgery
A443,Surgery
A444,Surgery
A445,Surgery
A448,Surgery
A449,Surgery
A511,Surgery
A571,Surgery
A598,Surgery
A611,Surgery
B012,Surgery
B013,Surgery
B014,Surgery
B018,Surgery
B019,Surgery
B041,Surgery
B061,Surgery
B068,Surgery
B27X,Surgery
B271,Surgery
B272,Surgery
B273,Surgery
B274,Surgery
B275,Surgery
B276,Surgery
B278,Surgery
B279,Surgery
B28X,Surgery
B281,Surgery
B282,Surgery
B283,Surgery
B284,Surgery
B285,Surgery
B286,Surgery
B287,Surgery
B288,Surgery
B289,Surgery
B341,Surgery
B342,Surgery
B343,Surgery
B352,Surgery
B353,Surgery
B374,Surgery
B40X,Surgery
B401,Surgery
B408,Surgery
B409,Surgery
B411,Surgery
B412,Surgery
C01X,Surgery
C011,Surgery
C012,Surgery
C013,Surgery
C018,Surgery
C019,Surgery
C02X,Surgery
C021,Surgery
C022,Surgery
C028,Surgery
C029,Surgery
C101,Surgery
C102,Surgery
C103,Surgery
C111,Surgery
C115,Surgery
C121,Surgery
C124,Surgery
C126,Surgery
C14X,Surgery
C141,Surgery
C142,Surgery
C143,Surgery
C144,Surgery
C145,Surgery
C148,Surgery
C149,Surgery
C162,Surgery
C164,Surgery
C168,Surgery
C178,Surgery
C179,Surgery
D01X,Surgery
D011,Surgery
D012,Surgery
D013,Surgery
D018,Surgery
D019,Surgery
D021,Surgery
D028,Surgery
D031,Surgery
D032,Surgery
D063,Surgery
D064,Surgery
D065,Surgery
D191,Surgery
E01X,Surgery
E011,Surgery
E018,Surgery
E019,Surgery
E02X,Surgery
E021,Surgery
E022,Surgery
E023,Surgery
E024,Surgery
E025,Surgery
E026,Surgery
E027,Surgery
E028,Surgery
E029,Surgery
E032,Surgery
E037,Surgery
E091,Surgery
E094,Surgery
E097,Surgery
E191,Surgery
E192,Surgery
E214,Surgery
E231,Surgery
E242,Surgery
E291,Surgery
E292,Surgery
E293,Surgery
E294,Surgery
E295,Surgery
E296,Surgery
E299,Surgery
E301,Surgery
E341,Surgery
E342,Surgery
E343,Surgery
E352,Surgery
E39X,Surgery
E391,Surgery
E398,Surgery
E399,Surgery
E414,Surgery
E438,Surgery
E441,Surgery
E461,Surgery
E463,Surgery
E468,Surgery
E541,Surgery
E542,Surgery
E543,Surgery
E544,Surgery
E545,Surgery
E548,Surgery
E549,Surgery
E552,Surgery
E554,Surgery
E558,Surgery
E559,Surgery
E661,Surgery
F01X,Surgery
F011,Surgery
F018,Surgery
F019,Surgery
F021,Surgery
F029,Surgery
F04X,Surgery
F041,Surgery
F042,Surgery
F048,Surgery
F049,Surgery
F052,Surgery
F202,Surgery
F221,Surgery
F222,Surgery
F231,Surgery
F281,Surgery
F301,Surgery
F303,Surgery
F304,Surgery
F305,Surgery
F324,Surgery
F328,Surgery
F341,Surgery
F349,Surgery
F381,Surgery
F382,Surgery
F391,Surgery
F392,Surgery
F402,Surgery
F44X,Surgery
F441,Surgery
F442,Surgery
F443,Surgery
F444,Surgery
F445,Surgery
F448,Surgery
F449,Surgery
F451,Surgery
F452,Surgery
G01X,Surgery
G011,Surgery
G012,Surgery
G013,Surgery
G018,Surgery
G019,Surgery
G02X,Surgery
G021,Surgery
G022,Surgery
G023,Surgery
G024,Surgery
G025,Surgery
G028,Surgery
G029,Surgery
G03X,Surgery
G031,Surgery
G032,Surgery
G033,Surgery
G034,Surgery
G035,Surgery
G036,Surgery
G038,Surgery
G039,Surgery
G27X,Surgery
G271,Surgery
G272,Surgery
G273,Surgery
G274,Surgery
G275,Surgery
G278,Surgery
G279,Surgery
G281,Surgery
G282,Surgery
G283,Surgery
G288,Surgery
G289,Surgery
H04X,Surgery
H041,Surgery
H042,Surgery
H043,Surgery
H048,Surgery
H049,Surgery
H05X,Surgery
H051,Surgery
H052,Surgery
H053,Surgery
H058,Surgery
H059,Surgery
H06X,Surgery
H061,Surgery
H062,Surgery
H063,Surgery
H064,Surgery
H065,Surgery
H068,Surgery
H069,Surgery
H07X,Surgery
H071,Surgery
H072,Surgery
H073,Surgery
H074,Surgery
H075,Surgery
H078,Surgery
H079,Surgery
H081,Surgery
H082,Surgery
H083,Surgery
H084,Surgery
H085,Surgery
H088,Surgery
H089,Surgery
H091,Surgery
H092,Surgery
H093,Surgery
H094,Surgery
H095,Surgery
H098,Surgery
H099,Surgery
H10X,Surgery
H101,Surgery
H102,Surgery
H103,Surgery
H104,Surgery
H105,Surgery
H106,Surgery
H108,Surgery
H109,Surgery
H111,Surgery
H112,Surgery
H113,Surgery
H114,Surgery
H115,Surgery
H118,Surgery
H119,Surgery
H291,Surgery
H292,Surgery
H293,Surgery
H294,Surgery
H298,Surgery
H299,Surgery
H33X,Surgery
H331,Surgery
H332,Surgery
H333,Surgery
H334,Surgery
H335,Surgery
H336,Surgery
H337,Surgery
H338,Surgery
H339,Surgery
H402,Surgery
H404,Surgery
H408,Surgery
H409,Surgery
H412,Surgery
H47X,Surgery
H471,Surgery
H478,Surgery
H479,Surgery
H48X,Surgery
H481,Surgery
H482,Surgery
H483,Surgery
H488,Surgery
H489,Surgery
H511,Surgery
H564,Surgery
J011,Surgery
J015,Surgery
J019,Surgery
J021,Surgery
J022,Surgery
J023,Surgery
J024,Surgery
J026,Surgery
J027,Surgery
J028,Surgery
J029,Surgery
J031,Surgery
J032,Surgery
J033,Surgery
J034,Surgery
J035,Surgery
J038,Surgery
J053,Surgery
J083,Surgery
J101,Surgery
J181,Surgery
J182,Surgery
J183,Surgery
J184,Surgery
J185,Surgery
J188,Surgery
J231,Surgery
J271,Surgery
J273,Surgery
J274,Surgery
J275,Surgery
J278,Surgery
J279,Surgery
J281,Surgery
J282,Surgery
J288,Surgery
J361,Surgery
J551,Surgery
J552,Surgery
J558,Surgery
J559,Surgery
J561,Surgery
J562,Surgery
J563,Surgery
J568,Surgery
J569,Surgery
J571,Surgery
J573,Surgery
J574,Surgery
J575,Surgery
J578,Surgery
J579,Surgery
J582,Surgery
M021,Surgery
M022,Surgery
M023,Surgery
M024,Surgery
M025,Surgery
M028,Surgery
M029,Surgery
M038,Surgery
M039,Surgery
M042,Surgery
M043,Surgery
M104,Surgery
M181,Surgery
M182,Surgery
M183,Surgery
M252,Surgery
M291,Surgery
M34X,Surgery
M341,Surgery
M342,Surgery
M343,Surgery
M344,Surgery
M348,Surgery
M349,Surgery
M359,Surgery
M42X,Surgery
M421,Surgery
M422,Surgery
M423,Surgery
M428,Surgery
M429,Surgery
M611,Surgery
M614,Surgery
M618,Surgery
M619,Surgery
N011,Surgery
N012,Surgery
N036,Surgery
N051,Surgery
N052,Surgery
N053,Surgery
N061,Surgery
N063,Surgery
N066,Surgery
N068,Surgery
N069,Surgery
N07X,Surgery
N071,Surgery
N072,Surgery
N078,Surgery
N079,Surgery
N201,Surgery
N241,Surgery
N243,Surgery
N26X,Surgery
N261,Surgery
N262,Surgery
N268,Surgery
N269,Surgery
N271,Surgery
N287,Surgery
N303,Surgery
P011,Surgery
P031,Surgery
P033,Surgery
P051,Surgery
P052,Surgery
P054,Surgery
P058,Surgery
P059,Surgery
P065,Surgery
P071,Surgery
P078,Surgery
P079,Surgery
P111,Surgery
P137,Surgery
P151,Surgery
P152,Surgery
P171,Surgery
P172,Surgery
P178,Surgery
P179,Surgery
P201,Surgery
Q011,Surgery
Q013,Surgery
Q018,Surgery
Q071,Surgery
Q072,Surgery
Q073,Surgery
Q074,Surgery
Q075,Surgery
Q078,Surgery
Q079,Surgery
Q08X,Surgery
Q081,Surgery
Q082,Surgery
Q083,Surgery
Q088,Surgery
Q089,Surgery
Q093,Surgery
Q161,Surgery
Q22X,Surgery
Q221,Surgery
Q222,Surgery
Q223,Surgery
Q228,Surgery
Q229,Surgery
Q231,Surgery
Q232,Surgery
Q235,Surgery
Q236,Surgery
Q238,Surgery
Q239,Surgery
Q241,Surgery
Q243,Surgery
Q438,Surgery
Q439,Surgery
Q473,Surgery
Q478,Surgery
Q491,Surgery
Q521,Surgery
S018,Surgery
S019,Surgery
S028,Surgery
S029,Surgery
S038,Surgery
S039,Surgery
S04X,Surgery
S041,Surgery
S042,Surgery
S043,Surgery
S048,Surgery
S049,Surgery
S05X,Surgery
S051,Surgery
S052,Surgery
S053,Surgery
S054,Surgery
S055,Surgery
S058,Surgery
S059,Surgery
S063,Surgery
S064,Surgery
S065,Surgery
S066,Surgery
S067,Surgery
S068,Surgery
S069,Surgery
S08X,Surgery
S081,Surgery
S082,Surgery
S083,Surgery
S088,Surgery
S089,Surgery
S143,Surgery
S144,Surgery
S17X,Surgery
S171,Surgery
S172,Surgery
S173,Surgery
S174,Surgery
S175,Surgery
S178,Surgery
S179,Surgery
S18X,Surgery
S181,Surgery
S182,Surgery
S183,Surgery
S184,Surgery
S185,Surgery
S188,Surgery
S189,Surgery
S19X,Surgery
S191,Surgery
S192,Surgery
S198,Surgery
S199,Surgery
S20X,Surgery
S201,Surgery
S202,Surgery
S203,Surgery
S204,Surgery
S205,Surgery
S206,Surgery
S207,Surgery
S208,Surgery
S209,Surgery
S21X,Surgery
S211,Surgery
S212,Surgery
S213,Surgery
S214,Surgery
S218,Surgery
S219,Surgery
S22X,Surgery
S221,Surgery
S222,Surgery
S223,Surgery
S224,Surgery
S228,Surgery
S229,Surgery
S23X,Surgery
S231,Surgery
S232,Surgery
S233,Surgery
S234,Surgery
S238,Surgery
S239,Surgery
S24X,Surgery
S241,Surgery
S242,Surgery
S243,Surgery
S248,Surgery
S249,Surgery
S25X,Surgery
S251,Surgery
S252,Surgery
S253,Surgery
S258,Surgery
S259,Surgery
S26X,Surgery
S261,Surgery
S262,Surgery
S263,Surgery
S264,Surgery
S265,Surgery
S268,Surgery
S269,Surgery
S27X,Surgery
S271,Surgery
S272,Surgery
S273,Surgery
S274,Surgery
S275,Surgery
S278,Surgery
S279,Surgery
S288,Surgery
S29X,Surgery
S291,Surgery
S292,Surgery
S293,Surgery
S294,Surgery
S295,Surgery
S298,Surgery
S299,Surgery
S302,Surgery
S304,Surgery
S314,Surgery
S32X,Surgery
S321,Surgery
S322,Surgery
S323,Surgery
S324,Surgery
S325,Surgery
S328,Surgery
S329,Surgery
S338,Surgery
S339,Surgery
S341,Surgery
S348,Surgery
S349,Surgery
S35X,Surgery
S351,Surgery
S352,Surgery
S353,Surgery
S358,Surgery
S359,Surgery
S36X,Surgery
S361,Surgery
S362,Surgery
S363,Surgery
S364,Surgery
S365,Surgery
S366,Surgery
S368,Surgery
S369,Surgery
S37X,Surgery
S371,Surgery
S372,Surgery
S373,Surgery
S374,Surgery
S378,Surgery
S379,Surgery
S39X,Surgery
S391,Surgery
S392,Surgery
S398,Surgery
S399,Surgery
S641,Surgery
T01X,Surgery
T011,Surgery
T012,Surgery
T013,Surgery
T018,Surgery
T019,Surgery
T023,Surgery
T313,Surgery
T33X,Surgery
T331,Surgery
T332,Surgery
T338,Surgery
T339,Surgery
T361,Surgery
T362,Surgery
T85X,Surgery
T851,Surgery
T852,Surgery
T853,Surgery
T854,Surgery
T855,Surgery
T856,Surgery
T858,Surgery
T859,Surgery
T876,Surgery
T878,Surgery
T911,Surgery
T962,Surgery
V051,Surgery
V06X,Surgery
V061,Surgery
V068,Surgery
V069,Surgery
V074,Surgery
V141,Surgery
V142,Surgery
V143,Surgery
V144,Surgery
V149,Surgery
V168,Surgery
V191,Surgery
V291,Surgery
V312,Surgery
V318,Surgery
V319,Surgery
V331,Surgery
V339,Surgery
V351,Surgery
V43X,Surgery
V431,Surgery
V432,Surgery
V433,Surgery
V438,Surgery
V439,Surgery
X07X,Surgery
X071,Surgery
X072,Surgery
X073,Surgery
X074,Surgery
X075,Surgery
X078,Surgery
X079,Surgery
X08X,Surgery
X081,Surgery
X082,Surgery
X083,Surgery
X084,Surgery
X088,Surgery
X089,Surgery
X09X,Surgery
X091,Surgery
X092,Surgery
X093,Surgery
X094,Surgery
X095,Surgery
X098,Surgery
X099,Surgery
X10X,Surgery
X101,Surgery
X102,Surgery
X103,Surgery
X104,Surgery
X108,Surgery
X109,Surgery
X11X,Surgery
X111,Surgery
X112,Surgery
X118,Surgery
X119,Surgery
X12X,Surgery
X121,Surgery
X122,Surgery
X123,Surgery
X124,Surgery
X125,Surgery
X128,Surgery
X129,Surgery
X141,Surgery
X142,Surgery
X143,Surgery
X148,Surgery
X149,Surgery
X163,Surgery
X164,Surgery
X165,Surgery
X166,Surgery
Y051,Surgery
Y55X,Surgery
Y551,Surgery
Y552,Surgery
Y553,Surgery
Y554,Surgery
Y555,Surgery
Y556,Surgery
Y558,Surgery
Y559,Surgery
Y56X,Surgery
Y561,Surgery
Y562,Surgery
Y563,Surgery
Y564,Surgery
Y568,Surgery
Y569,Surgery
Y57X,Surgery
Y571,Surgery
Y572,Surgery
Y573,Surgery
Y574,Surgery
Y575,Surgery
Y576,Surgery
Y578,Surgery
Y579,Surgery
Y58X,Surgery
Y581,Surgery
Y588,Surgery
Y589,Surgery
Y59X,Surgery
Y591,Surgery
Y592,Surgery
Y593,Surgery
Y594,Surgery
Y595,Surgery
Y596,Surgery
Y598,Surgery
Y599,Surgery
Y601,Surgery
Y602,Surgery
Y604,Surgery
Y608,Surgery
Y609,Surgery
Y61X,Surgery
Y611,Surgery
Y612,Surgery
Y613,Surgery
Y614,Surgery
Y615,Surgery
Y618,Surgery
Y619,Surgery
Y62X,Surgery
Y621,Surgery
Y622,Surgery
Y623,Surgery
Y628,Surgery
Y629,Surgery
Y631,Surgery
Y638,Surgery
Y662,Surgery
Y671,Surgery
Y672,Surgery
Y678,Surgery
Y679,Surgery
Y692,Surgery
